{"THETA0": 2.215820119981042e-16, "THETA1": -0.856139419871143}